,nll_train,nll_dev,nll_test,acc_train,acc_dev,acc_test
0,0.46460282802581787,0.44120335578918457,0.4465537369251251,0.7746000289916992,0.7864999771118164,0.7875000238418579
