,nll_train,nll_dev,nll_test,acc_train,acc_dev,acc_test
0,0.4619007706642151,0.44855937361717224,0.4844731390476227,0.7783200144767761,0.7960000038146973,0.7730000019073486
